Entity,Code,Year,Annual CO₂ emissions,Annual CO₂ emissions (per capita),Annual CO₂ emissions from oil,Annual CO₂ emissions from oil (per capita),Annual change in primary energy consumption (%),Annual change in primary energy consumption (TWh),Electricity from renewables - TWh (adapted for visualization of chart elec-fossil-nuclear-renewables),Electricity from nuclear - TWh (adapted for visualization of chart elec-fossil-nuclear-renewables),Electricity from fossil fuels - TWh (adapted for visualization of chart elec-fossil-nuclear-renewables),Electricity from solar - TWh (adapted for visualization of chart electricity-prod-source-stacked),Electricity from bioenergy - TWh (adapted for visualization of chart electricity-prod-source-stacked),Solar capacity (total) (GW),Solar (% growth),Other renewables (% growth),Agricultural land | 00006610 || Area | 005110 || hectares,Arable land | 00006621 || Area | 005110 || hectares,Total | 00002901 || Food available for consumption | 000664 || kilocalories per day,"Meat, total | 00001765 || Production | 005510 || tonnes",Cereals | 00001717 || Yield | 005419 || tonnes per hectare,Total fisheries production (metric tons)
Qatar,QAT,2016,87385144,33.61766,2586784,0.9951535,-1.8116534,-10.748901,0.13,0,42.31,0.01,0.12,0.0051,28.558254,2.883482,71000.0,18300.0,,31490.17,4692.7,14523.7
Qatar,QAT,2017,100111260,36.98626,9057075,3.3461502,-3.1728446,-18.48407,0.14,0,45.56,0.01,0.13,0.0051,0.0,5.024588,72000.0,19000.0,,30638.79,4996.4,15368.6
Qatar,QAT,2018,95467470,34.57532,4536207,1.6428717,-0.92365146,-5.210205,0.15,0,47.91,0.01,0.14,0.0051,0.0,4.3274283,74000.0,21000.0,,43791.9,8709.4,14675.3
Qatar,QAT,2019,101018984,36.10494,10416752,3.7230248,4.4054866,24.621216,0.13,0,49.87,0.01,0.12,0.0051,0.0,-12.599892,74000.0,21000.0,9772002406.0,43610.05,6594.8997,17152.0
Qatar,QAT,2020,102501230,36.563538,12523552,4.4673157,-12.332714,-71.96109,0.14,0,49.26,0.01,0.13,0.0051,0.0,14.29981,74000.0,21000.0,9680687353.0,49875.37,7124.6,15109.3
Qatar,QAT,2021,104244050,37.031776,10449728,3.7121737,5.925715,30.312225,0.15,0,51.64,0.01,0.14,0.0051,-0.2732277,-0.27322173,74000.0,21000.0,9398087005.0,48924.8,8431.1,16668.4
Qatar,QAT,2022,106151890,36.699455,11787477,4.075236,4.580486,24.819336,0.15,0,53.9,0.01,0.14,0.8051,3152.642,0.2739668,,,,33364.28,9148.4995,18536.85
Qatar,QAT,2023,115711816,38.84137,12313965,4.1334696,8.742428,49.540527,0.15,0,54.24,0.01,0.14,0.8051,386.6667,0.0,,,,,,
